first_name,last_name,job_title,department,email,address,phone_number,salary,password
Rodney,Torres,Learning disability nurse,"Teacher, secondary school",rmiranda@example.com,Port Kathy,+1-650-400-9313x66652,72862,HZadJfiC
Holly,Decker,Chiropractor,"Horticulturist, commercial",perezphilip@example.com,Lake David,6743441830,42758,VPi7crXp
Dawn,Phillips,Contractor,Public relations officer,sharontanner@example.org,Matthewport,338-502-5179,78923,J6FV6zeP
Ryan,Fisher,"Engineer, manufacturing systems",Special effects artist,rhonda12@example.net,North Janetshire,001-947-220-6046x642,33420,PTKuYO3c
Emily,Evans,"Surveyor, rural practice",Financial planner,kevinfrancis@example.net,New Courtneyberg,+1-894-289-9303x2575,6638,RgxXn05d
Amanda,Black,"Administrator, Civil Service","Surveyor, hydrographic",rebecca54@example.net,New Daniel,768-593-1529x1560,31420,KpminmKs
Gloria,Lopez,Arts administrator,"Loss adjuster, chartered",robinsonbrian@example.org,Bryanborough,582-533-5784,64200,bLslQ7Zl
Keith,Schneider,Exercise physiologist,"Engineer, chemical",carsonrichard@example.net,Elizabethburgh,969.405.3481x451,76713,6Fx0lhz7
Janet,Shah,"Psychologist, forensic","Scientist, physiological",gonzalezmichelle@example.org,Mullinsmouth,762.201.8889x15789,6638,iUqbFNYp
Lori,Wang,"Conservation officer, historic buildings","Administrator, arts",gbush@example.com,South Gregoryburgh,440.692.8242,16464,meIntRhG
Robert,Meyer,"Surveyor, land/geomatics","Psychologist, occupational",leonardjennifer@example.org,Danielville,292-515-0676x5498,83419,GyRfr8WY
Heather,Francis,Barrister's clerk,Research scientist (maths),rjohnson@example.com,North Jacquelinechester,949.491.0206,75889,VWb0f8Kp
Rhonda,Taylor,Information officer,"Psychotherapist, child",pittmanalexander@example.com,Allisonview,(516)870-6105x0129,13052,rOTO3qh2
Jose,Foley,Theatre stage manager,Microbiologist,martinezdaniel@example.net,Port Melissa,992-554-4412x19255,69030,RMOVv92l
Melinda,Wallace,Human resources officer,"Engineer, technical sales",eric11@example.net,Kylebury,001-722-682-1156x91576,21365,rOtVC2L7
Troy,Hopkins,Volunteer coordinator,Mudlogger,victoriaalvarez@example.com,New Eric,347-498-4020x24583,76092,OksuFtVm
Rhonda,Elliott,"Sales professional, IT",Wellsite geologist,vaughnbrandi@example.org,Mendozahaven,001-595-566-2357x0635,1770,XgQR2mDe
Martin,Jackson,Historic buildings inspector/conservation officer,Psychiatric nurse,bcole@example.org,West Carrie,813-577-3498x10662,34197,TI1spg6F
Andrew,Arroyo,"Designer, fashion/clothing",Adult nurse,raymond19@example.net,Lake Toddport,498-799-3835,53157,cvJ4Exua
Justin,Williams,Social worker,International aid/development worker,dixonmichael@example.org,North Lauren,757-907-7636x57302,94061,2zthBZrn
Diana,Henson,Insurance account manager,"Surveyor, insurance",megangomez@example.org,Lewisstad,001-407-991-8308x236,36187,843V28Ki
Terry,Becker,International aid/development worker,"Engineer, automotive",jose36@example.net,Aaronstad,6919948631,58705,brwf7MCc
Nathan,Gregory,Advertising account planner,"Therapist, drama",timothy62@example.org,Bradview,001-210-590-0625,73768,OjpCjGeb
Antonio,Estrada,Tourism officer,Drilling engineer,allenstephen@example.org,Halechester,+1-580-407-2771x248,36080,AMB2V7I3
George,Jones,Chief of Staff,Dance movement psychotherapist,robertsonanne@example.com,Tracyburgh,(764)580-3079x3602,99107,w6OYG1bB
Nathaniel,Robinson,Multimedia programmer,Structural engineer,sanchezronald@example.org,Sanchezview,8258502080,25849,VHWnkK2G
Amy,Bishop,Data processing manager,"Teacher, music",desiree63@example.org,Kylehaven,881.837.4963,57928,COqfXxyk
Clinton,Rodriguez,Hospital doctor,Artist,williamweaver@example.net,Mckenzieborough,600.802.7258x240,24607,HNQSowYv
Lance,Barnett,Accommodation manager,Electronics engineer,virginia96@example.com,Port Jose,334-989-4329,12438,pqtflRsL
Christina,Schaefer,Visual merchandiser,"Librarian, academic",scott41@example.com,Wellsport,(676)556-3386x476,29789,TndqWmFw
William,Allen,Immunologist,"Development worker, community",william52@example.net,Port Michelle,+1-229-433-0726x69049,61549,F0vbwA30
Shane,Lane,Operational researcher,Pharmacologist,fitzgeraldandrew@example.org,Alisonport,5674726281,96459,uNZviSE3
Alison,Lopez,Waste management officer,Chief Executive Officer,shawna55@example.org,Jobury,7699388197,32305,2xvbeloU
Jamie,Harrison,Chief Marketing Officer,"Scientist, marine",duffytracy@example.org,Lake Jacqueline,(925)484-3957,93884,eZe4mbm1
Scott,Howell,Commissioning editor,Restaurant manager,cynthiabailey@example.org,Woodmouth,001-245-490-8982x13527,63747,ygIKyjyQ
Chase,Foster,Visual merchandiser,Pension scheme manager,karenwest@example.org,Robertborough,630-696-6396,61697,1BW3WPdN
Andrew,Cole,Multimedia specialist,Insurance risk surveyor,jharrell@example.com,Walkershire,(220)682-0571x97176,16964,bC15Pu1j
Kevin,Flores,Recruitment consultant,Public relations officer,sandra56@example.com,Lake Laurenberg,6624497325,48977,Hp6rPppY
Jennifer,Fuller,Writer,Computer games developer,david61@example.org,Port Aliciaton,+1-636-399-9852,37273,9SBS2LPR
Ana,Gibson,Academic librarian,Immigration officer,lcurtis@example.com,Perezview,(823)371-9346x60562,16815,YG7GVHLG
Steven,Harper,Management consultant,Town planner,jeffcollins@example.net,Lake Peter,001-297-316-0189x977,38088,9YN7n7dI
Samuel,Cook,Records manager,Firefighter,joshua12@example.net,West Derek,+1-760-458-9563x1056,31195,YsYHM5wR
Meghan,Chambers,Probation officer,Chartered management accountant,breynolds@example.com,East Jamie,(457)701-3168x9982,48464,AmYylEpC
Natalie,Boyle,Advertising account planner,Historic buildings inspector/conservation officer,zbailey@example.org,Catherineview,982.846.0835x813,82782,Mk1at0fm
Stacey,Ferguson,Market researcher,Chartered management accountant,francesallen@example.net,North Thomasview,268-789-5845x6383,89675,Rgr5awX7
Sherry,Robinson,Data scientist,Actuary,ejohnson@example.com,Burnstown,(374)416-1798,25795,miHw3mwh
Krista,Monroe,Writer,Barrister,cindymartin@example.org,Vanessamouth,292.992.8413,96825,ROMh58Ra
Sharon,Baxter,Clinical cytogeneticist,Cartographer,matthew41@example.net,East Kimchester,542-505-5053x6972,25365,DBcduNs7
Samantha,Allen,Petroleum engineer,English as a foreign language teacher,krystalnewton@example.net,Garrisonstad,(295)608-0643x245,70126,wPN5OgJh
Hunter,Fox,Medical illustrator,Therapeutic radiographer,kimberlyhoward@example.org,Jasmineville,658-672-8699,49308,3uMrtIoD
Lisa,Caldwell,"Physicist, medical",Energy engineer,ccooley@example.net,Medinabury,829.965.9046x2447,48169,k3AO31B7
Benjamin,Henry,Financial planner,Systems analyst,ibrady@example.net,Wardfurt,001-539-492-8853x947,60254,3uCpjiXn
Richard,Patton,"Optician, dispensing","Copywriter, advertising",owenfelicia@example.com,Colemanview,+1-875-634-2213x85597,29815,lpSsY8gF
Michael,Hendricks,Acupuncturist,Sports administrator,erika09@example.com,Cookefurt,001-317-475-0767x383,33607,DmoM2aU8
Tyler,Arroyo,Physiological scientist,Chartered management accountant,shafferblake@example.net,New Gene,(645)332-1745,9049,4i8AJjAu
Brandon,Ellis,Clothing/textile technologist,"Engineer, communications",daydiana@example.org,East Glenda,822-480-4205x81980,27790,pBgBq7oe
Richard,Howard,"Doctor, hospital","Engineer, civil (contracting)",wblack@example.net,Wardberg,630-973-0007x8488,87013,lfcEl2pA
Jonathan,Thomas,"Journalist, magazine",Microbiologist,nhurley@example.com,Mooreville,2104884903,14398,nYYmvVxt
Amber,Sampson,Audiological scientist,Jewellery designer,bbean@example.org,South Jacqueline,(971)994-5394x01229,10293,uy4ZZAQ8
Terri,Faulkner,"Accountant, chartered certified",Medical illustrator,tbarber@example.org,West Jayberg,(858)796-5217,13146,XRQ9fPtU
Jacob,Cardenas,Management consultant,Management consultant,ydavis@example.net,Costaton,+1-608-553-0700x741,57337,MNizX3pA
Jennifer,Brown,Early years teacher,Garment/textile technologist,freywhitney@example.net,Michaelport,+1-380-330-4085x6792,11583,Ewhtzwb1
Rebekah,Parker,Television floor manager,Lexicographer,ureyes@example.com,Lake David,+1-310-907-5925x78818,52968,NCu7q9qO
April,Atkins,Volunteer coordinator,Special effects artist,triley@example.net,North Kristinaside,971.820.7159,57282,mhk3E2Xw
Alicia,Bryan,Animal technologist,Geophysicist/field seismologist,brandon11@example.com,Palmerborough,(500)624-0684x6596,26848,PkBSwzHb
Jessica,Walls,"Nurse, children's",Industrial/product designer,bennettjennifer@example.net,Lake Chad,626.424.6104x10581,18782,ykpSnVY7
Misty,Ochoa,Television production assistant,"Editor, film/video",nicole13@example.org,Schultzton,5509637360,75094,BqoGIz9b
Paige,Levine,Furniture designer,Therapeutic radiographer,taylormiguel@example.org,Kristitown,843-891-6291x80010,10060,2VViqBDy
James,Burgess,"Conservator, furniture","Social research officer, government",vickimartinez@example.org,New Holly,(541)624-5555x92749,47850,E0Xs8FyE
Michael,Adams,Comptroller,Community pharmacist,amclean@example.net,New Kevinborough,7427839964,4732,0Am0PQem
Teresa,Phillips,International aid/development worker,Armed forces training and education officer,qgibson@example.net,Port Nicole,(844)848-7542x8558,5013,2VVLpfk3
Carol,Howard,Regulatory affairs officer,Commissioning editor,nturner@example.com,Coxland,001-720-921-8617x866,54017,azrEGm8x
Randall,Townsend,Forensic psychologist,"Engineer, automotive",scott73@example.com,Richardsonville,4153203626,59088,oYfUg2TG
Ashley,Rogers,Microbiologist,"Psychologist, sport and exercise",gerald57@example.com,Lake Jenniferview,+1-450-436-0112x6746,22676,lLvIL518
Tammy,Hunter,Neurosurgeon,Graphic designer,brookeharris@example.org,Bartonmouth,630-292-0653x4434,21166,mJN8PDP4
Patricia,Lewis,Radio producer,Fish farm manager,woodardjustin@example.com,Port Kimberlystad,289-511-2733,82698,tQHmzssY
Tammy,Garcia,"Scientist, physiological",Retail banker,anita76@example.com,Julieville,+1-494-369-6505x8436,63138,M3VvV0IP
Thomas,Rivera,Insurance broker,Materials engineer,thomaskelly@example.org,Williamsstad,388-516-0666x2699,60680,aeW4OWU9
Dennis,Adkins,Animal technologist,"Production assistant, radio",diazevelyn@example.com,North Angela,+1-745-648-6304x38873,25521,q9p1vmeo
Francisco,Lopez,Data scientist,Set designer,melanie19@example.net,East Carrie,(849)330-8338x5399,81953,f44um9Uv
Linda,Ware,Games developer,"Administrator, local government",barneselizabeth@example.org,Kinghaven,219-656-4129x14621,35364,UyzZffUn
Gregory,Smith,"Journalist, magazine",Planning and development surveyor,anthony37@example.org,Patriciaport,346-395-2532x6514,8841,0aCdF6MP
Marie,Hill,Microbiologist,Quality manager,wilsonjodi@example.com,West Amy,(448)955-8406,46871,XPmrnyR9
Brittany,Williams,"Engineer, biomedical",Geoscientist,joshua41@example.org,Johnsontown,251-982-5015,84835,GuRtC2YS
Gene,Holmes,Bonds trader,Purchasing manager,destinyperez@example.org,Andreatown,+1-257-924-3390x274,86350,qEyJMyoc
Sandra,Schultz,Learning disability nurse,Network engineer,nicholasdixon@example.net,Christopherview,340-324-3139x7075,5213,0wzlKCW3
David,Giles,"Journalist, newspaper",Art therapist,gscott@example.com,East Rodney,+1-918-429-4384x97155,32431,lm1DdsSV
William,Little,"Engineer, civil (consulting)","Geologist, engineering",mariemorales@example.org,West Joanneside,2266141417,36278,8nJXpR4G
Raymond,Hood,Learning mentor,Automotive engineer,youngsamantha@example.com,Jacobton,(962)847-2969x9073,85635,amzHT1Gr
Timothy,Adams,Contracting civil engineer,Building control surveyor,browngary@example.org,New Robert,320.762.3970x320,22975,lVhByx2v
Gerald,Ellison,Research scientist (physical sciences),Community education officer,gonzalesrebecca@example.net,Nelsonmouth,677-703-2742x93418,85404,AQOFRfWm
Tracey,Johnson,Management consultant,Soil scientist,jakemorris@example.net,Matthewstad,325.842.3880,74679,GXbopprf
Catherine,Houston,Logistics and distribution manager,Chief Marketing Officer,tammymorrison@example.com,Lake David,+1-250-909-7301x4920,79735,142k4hvP
Michelle,Koch,Charity officer,Technical author,cbarnes@example.com,Reyeshaven,995-456-0457,26540,VL6Nh0wn
David,Garcia,"Engineer, mining","Geologist, engineering",ryanedwards@example.org,Hansenmouth,001-444-782-2619x14263,67689,Bbw3szEk
Chad,Moore,Animal technologist,Chief Technology Officer,batesheidi@example.org,Port Tommy,+1-934-366-4501x94563,43167,EdQidUkW
Sean,Carrillo,Dealer,Translator,chelsea66@example.net,Valdezstad,662.958.4180,63284,mVYxpIX6
Randy,Bailey,"Physicist, medical",Financial trader,josephbaker@example.net,Walkerfort,(537)390-5708,38488,dk5GJYxm
Christopher,Wright,"Geologist, engineering",Print production planner,spencercarol@example.net,Wrightton,001-975-720-6706x45776,5726,1lP5lYmi
Kathryn,Ramos,"Engineer, site","Development worker, community",brooke42@example.org,East Ryan,937-791-0166,79294,qz8bgZJB
